"Reference","Value","Footprint","Qty"
"C1,C2","47pF","Capacitor_SMD:C_0603_1608Metric","2"
"C3","10µF","Capacitor_SMD:C_0603_1608Metric","1"
"D1,D2","LED_Filled","LED_SMD:LED_1206_3216Metric","2"
"J1","USB_C_Receptacle_USB2.0_16P","Connector_USB:USB_C_Receptacle_HCTL_HC-TYPE-C-16P-01A","1"
"R1,R2,R5,R6,R7,R8,R11","10kΩ","Resistor_SMD:R_0603_1608Metric","7"
"R3,R4","27Ω","Resistor_SMD:R_0603_1608Metric","2"
"R9,R10","220Ω","Resistor_SMD:R_0603_1608Metric","2"
"U1","FT231XQ","Package_DFN_QFN:QFN-20-1EP_4x4mm_P0.5mm_EP2.5x2.5mm","1"
"U2","USBLC6-2SC6","Package_TO_SOT_SMD:SOT-23-6","1"
